penalty,support,status,norm,prime,valuation,gcd_degree
3,1:1;1:2;1:3,obstructed,25209297475147040259460077758576135402879,674957,1,1
3,1:1;1:2;1:4,survivor,24871830285789765731739386008105360764031,,,
3,1:1;1:2;1:5,obstructed,24517328535537089285455152932631070575521,1607,1,1
3,1:1;1:2;1:6,survivor,24557046203857080338045895889766194878377,,,
3,1:1;1:2;1:7,obstructed,24575976874634466868708813420993988734369,8032361,1,1
3,1:1;1:2;1:8,obstructed,24572503114846334141586604157626775594297,401,1,1
3,1:1;1:2;1:9,obstructed,24571560125632209996581456344778726069201,193763,1,1
3,1:1;1:2;1:10,survivor,24571823919852165439506577428625446573041,,,
3,1:1;1:2;1:11,obstructed,24571869074320260447027412834230373108097,1741,1,1
3,1:1;1:2;1:12,obstructed,24571848366766126268469872520299359939979,937,1,1
3,1:1;1:2;1:13,survivor,24571775675109738792002507222656119901279,,,
3,1:1;1:2;1:14,obstructed,24571868813217134841905022449115524725243,373900199,1,1
3,1:1;1:2;1:15,survivor,24571840259406721498003262117683764512761,,,
3,1:1;1:2;1:16,survivor,24571538094976453862826502166180002917323,,,
3,1:1;1:2;1:17,survivor,24572824172981100354403449473529715069489,,,
3,1:1;1:2;1:18,obstructed,24571900427857797856931223127487260293727,2339773,1,1
3,1:1;1:2;1:19,survivor,24571847344741092491922450888518844662669,,,
3,1:1;1:2;1:20,survivor,24571915287220464049289490947861115015197,,,
3,1:1;1:2;1:21,survivor,24573800997424453412914170597041397496253,,,
3,1:1;1:2;1:22,obstructed,24554876413293505034125625881888206154487,401,1,1
3,1:1;1:2;1:23,obstructed,24552369713557105839899918676733470401407,303643,1,1
3,1:1;1:2;1:24,obstructed,24571236725740794121226464026389026027229,149428506994669813,1,1
3,1:1;1:2;1:25,survivor,24571855408068981453998836016485334269211,,,
3,1:1;1:2;1:26,obstructed,24571857440233174546814532685509787660747,4421,1,1
3,1:1;1:2;1:27,survivor,24571790731379705611183195627352541701833,,,
3,1:1;1:2;1:28,obstructed,24571842427552419733445743090400494815749,2143,1,1
3,1:1;1:2;1:29,obstructed,24571895562580650979829502821711918442313,93151080611,1,1
3,1:1;1:2;1:30,obstructed,24571255542480963905443937051678836136851,2386003,1,1
3,1:1;1:2;1:31,survivor,24578152910083383412826462567585708188687,,,
3,1:1;1:2;1:32,survivor,24517431539613956905987466956730929269697,,,
3,1:1;1:3;1:4,obstructed,24911627888922253157898684767201337469319,590269,1,1
3,1:1;1:3;1:5,obstructed,24061153709050752900736240254418791738239,937,1,1
3,1:1;1:3;1:7,obstructed,24124697946099520610030767346441068938577,2103382445279,1,1
3,1:1;1:3;1:8,obstructed,24202950798415947492916737530990389531949,38964163781099,1,1
3,1:1;1:3;1:9,obstructed,24167105098362300745148824839987555746957,937,1,1
3,1:1;1:3;1:10,survivor,24195297969650068587016629306134109932341,,,
3,1:1;1:3;1:11,obstructed,24188727353871966087258862573577923308761,401,1,1
3,1:1;1:3;1:12,survivor,24191387438561259590011669276980934686331,,,
3,1:1;1:3;1:13,obstructed,24189548702255386204791381459946504851331,19697,1,1
3,1:1;1:3;1:14,survivor,24189940806366871258086034556205818280577,,,
3,1:1;1:3;1:15,survivor,24189904248059104805730262638976566440809,,,
3,1:1;1:3;1:16,obstructed,24191355303391358749908043128897183215891,988483159,1,1
3,1:1;1:3;1:17,obstructed,24191361658420564663913967457595610482393,54956168656409,1,1
3,1:1;1:3;1:18,obstructed,24190063888842760120777484856097489571149,401,1,1
3,1:1;1:3;1:19,obstructed,24190049817889730396775529850512672574869,937,1,1
3,1:1;1:3;1:20,survivor,24189102009274872633073418079084802254509,,,
3,1:1;1:3;1:21,survivor,24195320190408921493945176788792892663871,,,
3,1:1;1:3;1:23,obstructed,24197862462893072387193673669638572869841,803354982135229,1,1
3,1:1;1:3;1:24,obstructed,24188336772983183656491025971154839824557,3617,1,1
3,1:1;1:3;1:25,survivor,24190161936013819813846931923118587712639,,,
3,1:1;1:3;1:26,survivor,24189941464831366180716398624365095067663,,,
3,1:1;1:3;1:27,survivor,24189909598802080683878526199516644843743,,,
3,1:1;1:3;1:28,obstructed,24190155885567324641221879896714972849331,956558597,1,1
3,1:1;1:3;1:29,obstructed,24192776500482839623224331101207820870303,1607,1,1
3,1:1;1:3;1:30,survivor,24197910293515046222216767007200864310743,,,
3,1:1;1:3;1:31,survivor,24205477658792143119735852305075650313141,,,
3,1:1;1:4;1:5,obstructed,24926335724133054939820684227112749027359,864796132721,1,1
3,1:1;1:4;1:6,obstructed,24159714382078697696133002966847949311487,52070118537841,1,1
3,1:1;1:4;1:7,obstructed,24154606903255351852048247023735014687581,194722786079,1,1
3,1:1;1:4;1:9,survivor,24149369625466783000872583412598124364611,,,
3,1:1;1:4;1:10,obstructed,24220331359688202847126212864314649204467,18947867,1,1
3,1:1;1:4;1:11,obstructed,24217776351343140381359465566996027629163,425106566977,1,1
3,1:1;1:4;1:13,obstructed,24218557834797978902363674020808091522557,122207,1,1
3,1:1;1:4;1:14,survivor,24212630687933537658348833938942567314817,,,
3,1:1;1:4;1:15,obstructed,24213101268761344413278551423664060807809,201401,1,1
3,1:1;1:4;1:16,obstructed,24214317807796348805024718113022804176573,4019,1,1
3,1:1;1:4;1:18,obstructed,24213091779917140689544944536296458076249,98221,1,1
3,1:1;1:4;1:19,survivor,24213543827372811310292939655277371900799,,,
3,1:1;1:4;1:20,survivor,24212538504643108958076094560683651476729,,,
3,1:1;1:4;1:23,survivor,24215246816786871630854161524251681348087,,,
3,1:1;1:4;1:24,obstructed,24218542873162667969745976165223915537381,3070073,1,1
3,1:1;1:4;1:25,obstructed,24216094451206665100308485825558709449987,937,1,1
3,1:1;1:4;1:26,obstructed,24213373275310998610641507483047749440469,401,1,1
3,1:1;1:4;1:27,survivor,24212438036475502598157601688937224899241,,,
3,1:1;1:4;1:28,obstructed,24212664779316399902691313424566527251269,5204516851,1,1
3,1:1;1:4;1:29,obstructed,24221081772096900962033086956561939374741,401,1,1
3,1:1;1:4;1:30,obstructed,24220319530133909245450815750726829967651,249436878420629,1,1
3,1:1;1:4;1:31,survivor,24149402943338172180556652063602008365407,,,
3,1:1;1:4;1:32,survivor,24152021384156807556667008187432068966719,,,
3,1:1;1:5;1:6,obstructed,24925662101586134888550115214271168805619,24923,1,1
3,1:1;1:5;1:7,obstructed,24146194185879310174478832880310417659069,937,1,1
3,1:1;1:5;1:8,survivor,24224092885241986193188826883279264457183,,,
3,1:1;1:5;1:9,survivor,24147362638581045513095471608942022635163,,,
3,1:1;1:5;1:11,survivor,24147779601722609270541764195232968510369,,,
3,1:1;1:5;1:12,obstructed,24219739290990336888178419405548034200291,3617,1,1
3,1:1;1:5;1:13,obstructed,24210322205723665035198694633317648177641,40997969,1,1
3,1:1;1:5;1:14,survivor,24217238247518146529068640552890457755981,,,
3,1:1;1:5;1:16,obstructed,24217193173594488460033585427225018738123,401,1,1
3,1:1;1:5;1:19,survivor,24214242175564125553580517393641444780071,,,
3,1:1;1:5;1:21,obstructed,24216744413609989149944287517724915461227,2033056367089934171,1,1
3,1:1;1:5;1:23,obstructed,24214731523198275706450047309409656317749,1701397,1,1
3,1:1;1:5;1:25,obstructed,24212160486496187633365977488777051094883,2385601,1,1
3,1:1;1:5;1:26,obstructed,24213849455376710001857554093340103784199,27215533,1,1
3,1:1;1:5;1:28,obstructed,24219662092071567556071489327210063539279,1607,1,1
3,1:1;1:5;1:29,survivor,24219739088602133933448039159055398813181,,,
3,1:1;1:5;1:30,survivor,24219786747187099644135022288218295050899,,,
3,1:1;1:5;1:32,survivor,24221957889525168015921801032952858978961,,,
3,1:1;1:6;1:7,obstructed,24925689655737031584259015256983834257359,38191607,1,1
3,1:1;1:6;1:8,obstructed,24148118663025855387900383062346815856141,937,1,1
3,1:1;1:6;1:9,obstructed,24219114779837528818711167490705057385969,6029,1,1
3,1:1;1:6;1:10,obstructed,24219476378129036672531152365610389590117,6833,1,1
3,1:1;1:6;1:11,obstructed,24147932321183303462664743868292943619293,517373,1,1
3,1:1;1:6;1:13,obstructed,24147896397615525193527848614124189220397,8039,1,1
3,1:1;1:6;1:14,survivor,24219792835570818343219590295915154863631,,,
3,1:1;1:6;1:15,survivor,24210874502693372465947268711975259143669,,,
3,1:1;1:6;1:16,survivor,24211350334853122116256736420968808050273,,,
3,1:1;1:6;1:19,obstructed,24217312919954518088296972948720142181557,937,1,1
3,1:1;1:6;1:20,survivor,24216478817635084738526520812737614132823,,,
3,1:1;1:6;1:21,survivor,24211344835444904758201755859725434659943,,,
3,1:1;1:6;1:23,obstructed,24214244642903631465015678570649017451231,373154087,1,1
3,1:1;1:6;1:25,survivor,24209977619894851705113889026909868818119,,,
3,1:1;1:6;1:26,obstructed,24211359710123756608775831672774100317357,196871109991,1,1
3,1:1;1:6;1:29,obstructed,24211341985002908072072618192769716686543,781550309,1,1
3,1:1;1:7;1:8,obstructed,24925688822479701548323917479297217882239,10495765739,1,1
3,1:1;1:7;1:9,obstructed,24147835904293998019966941750782841428413,1363147578413659,1,1
3,1:1;1:7;1:13,obstructed,24147984553095360779709747195459227845319,108290574732159851,1,1
3,1:1;1:7;1:16,obstructed,24219752345905888949372547255835496088863,112504596344506762951,1,1
3,1:1;1:7;1:18,obstructed,24211401792445058524726244008362964113869,7578101,1,1
3,1:1;1:7;1:23,obstructed,24216587075164746579905691667518824001571,401,1,1
3,1:1;1:7;1:24,survivor,24211417873617938133303856230137159357299,,,
3,1:1;1:7;1:26,obstructed,24219777356170743715517383365116681017921,16481,1,1
3,1:1;1:7;1:29,obstructed,24219429873381944413760309081874527003773,69192297627461521,1,1
3,1:1;1:7;1:31,obstructed,24219760460357875211295287653972967540647,2143,1,1
3,1:1;1:8;1:9,survivor,24925687905145162685246439158166586953059,,,
3,1:1;1:8;1:10,survivor,24147869065223706035885787941346771592039,,,
3,1:1;1:8;1:12,obstructed,24214358545891748058566360089580216858999,3617,1,1
3,1:1;1:8;1:13,obstructed,24211419387748588846988742695518338000463,401,1,1
3,1:1;1:8;1:14,obstructed,24219813426985471842917027253245955882403,4019,1,1
3,1:1;1:8;1:20,survivor,24217248293354660861898331444546950799837,,,
3,1:1;1:8;1:23,obstructed,24219872186130166909850810668029408320137,499819,1,1
3,1:1;1:8;1:26,survivor,24219069365193651050931997718396361424423,,,
3,1:1;1:8;1:28,obstructed,24210389731549851080660259301483399119919,389269,1,1
3,1:1;1:8;1:29,survivor,24147858963704910543094145714799537479801,,,
3,1:1;1:8;1:30,obstructed,24148058059453687881376917924524123368769,401,1,1
3,1:1;1:8;1:31,survivor,24210831628855761969897036466393814159369,,,
3,1:1;1:9;1:10,obstructed,24925700667042374483830124908266939463589,6163,1,1
3,1:1;1:9;1:12,survivor,24217262082014504254928085216744507238801,,,
3,1:1;1:9;1:14,survivor,24211317797119082703071651344995757229507,,,
3,1:1;1:9;1:16,survivor,24219041882819638080772220628963377013829,,,
3,1:1;1:9;1:20,obstructed,24221649831319523419801241103381122493139,1769093861,1,1
3,1:1;1:9;1:21,obstructed,24211433827610915961041670213421910441263,937,1,1
3,1:1;1:9;1:23,obstructed,24214812823924454783847988715352961147519,82007,1,1
3,1:1;1:9;1:26,obstructed,24216541547564848273971889987866993350743,10853,1,1
3,1:1;1:9;1:28,obstructed,24224169305478048128470768416131967055469,129986495783,1,1
3,1:1;1:10;1:12,obstructed,24148044634775929496150560226420378231357,3631801,1,1
3,1:1;1:10;1:14,obstructed,24211366095529326681810080048631361082287,7369,1,1
3,1:1;1:10;1:21,survivor,24147903241774579212468222858216737193623,,,
3,1:1;1:10;1:26,survivor,24216799788915415587753317641282229147047,,,
3,1:1;1:10;1:28,survivor,24146656458050057248914683960034347069153,,,
3,1:1;1:10;1:29,obstructed,24155899775214442321495207767322495015417,8154315965479,1,1
3,1:1;1:10;1:32,survivor,24213973733029124772399143637416869222721,,,
3,1:1;1:12;1:13,survivor,24925694622714930338466930608806253008559,,,
3,1:1;1:12;1:16,obstructed,24210834733297425185224207355741045066291,1607,1,1
3,1:1;1:12;1:18,obstructed,24219490513301729094702679960484303895961,937,1,1
3,1:1;1:12;1:23,obstructed,24150792750485849873961371210517941752703,4019,1,1
3,1:1;1:12;1:30,obstructed,24216480623032483517981868914647868772449,19429,1,1
3,1:1;1:13;1:14,obstructed,24927338469079986180435271504978371162989,16883,1,1
3,1:1;1:13;1:23,obstructed,24213963589390322968774059538274337599093,4421,1,1
3,1:1;1:13;1:31,obstructed,24214759041115228685624508489755737217833,54403,1,1
3,1:1;1:14;1:16,survivor,24147925091713037895636537771523653384881,,,
3,1:1;1:14;1:18,survivor,24216927135750198417154400019414551011171,,,
3,1:1;1:14;1:21,obstructed,24214807904971810071028440410361131805983,6810332221591,1,1
3,1:1;1:14;1:23,survivor,24213898224368675384208178366150683540049,,,
3,1:1;1:14;1:26,obstructed,24160973637357606477925858328594636636303,401,1,1
3,1:1;1:14;1:29,survivor,24147855659094359579409416967504800740511,,,
3,1:1;1:29;1:30,obstructed,24925688787970713209007261459596725453139,239,3,3
4,-1:1;1:2,obstructed,32259154712994714422686617498298202311649,2143,1,1
4,-1:1;1:3,obstructed,31833784520087590921647568644999940254931,625913,1,1
4,-1:1;1:4,survivor,31808488451986029902083251959892134597497,,,
4,-1:1;1:5,obstructed,31806969543050415998907541427200244205239,206627,1,1
4,-1:1;1:6,survivor,31806877990273982381458514676448979752879,,,
4,-1:1;1:7,survivor,31806872452870098314534012708788350595223,,,
4,-1:1;1:8,obstructed,31806872115710895363023204124873216530849,43013,1,1
4,-1:1;1:9,obstructed,31806872098496144045291045213431290446093,135850807,1,1
4,-1:1;1:10,obstructed,31806872109740775351010302558102664403951,533989,1,1
4,-1:1;1:11,survivor,31806866199776075790532831727715744705101,,,
4,-1:1;1:12,survivor,31806872092288033408283114856372205334827,,,
4,-1:1;1:13,obstructed,31806889293833126347510278870644976460001,401,1,1
4,-1:1;1:14,obstructed,31806874472453585153864898825894710576509,73814033,1,1
4,-1:1;1:15,obstructed,31806872094205926481081571210248483958047,401,1,1
4,-1:1;1:16,obstructed,31806843711457440237700099016126151086561,2143,1,1
4,-1:1;1:17,obstructed,31805255808887123125856348862655265978191,927095495722939,1,1
4,-1:1;1:18,obstructed,31806871812338588763815982048490054952801,20982116389679340383,1,1
4,-1:1;1:19,survivor,31806872452853181093535605290663953112549,,,
4,-1:1;1:20,obstructed,31806872109645045188271466584214937869069,585043,1,1
4,-1:1;1:21,survivor,31806900478600488389446200130948797956113,,,
4,-1:1;1:22,obstructed,31833784520087590921647568661221217214577,22109,1,1
4,-1:1;1:23,survivor,31810065304701917529180126072671903141039,,,
4,-1:1;1:24,obstructed,31806874472453745772119861577221871138301,937,1,1
4,-1:1;1:25,obstructed,31806872074332671561025131987390062345129,106663,1,1
4,-1:1;1:26,obstructed,31806872377701414060806208813061568924881,86161,1,1
4,-1:1;1:27,survivor,31806969543050401713473271424622906357869,,,
4,-1:1;1:28,obstructed,31806872098318114962963558284796429704387,19358785163,1,1
4,-1:1;1:29,survivor,31806872177776079209147176578969397139721,,,
4,-1:1;1:30,survivor,31806872012263184002264030472379778779251,,,
4,-1:1;1:31,survivor,31806854896213121365583994489006030403217,,,
4,-1:1;1:32,obstructed,31803679155165698669761005863208293314273,76379,1,1
4,-1:1;1:33,obstructed,31360459545052436256962553581119414154891,94448023,1,1
5,-1:1;1:2;1:3,obstructed,26354767503638646664227686151277573103281,20233,1,1
5,-1:1;1:2;1:4,survivor,27364962866100347013566440872468600923167,,,
5,-1:1;1:2;1:5,obstructed,27095032879060177355370468778797735565981,492047,1,1
5,-1:1;1:2;1:6,obstructed,27018625076975566624272294511892086402963,15107293,1,1
5,-1:1;1:2;1:7,obstructed,27030366488917432672233323678610780355987,11088767,1,1
5,-1:1;1:2;1:8,survivor,27035631391586697352358503522271380158241,,,
5,-1:1;1:2;1:9,obstructed,27035225345494766595592070210419587244303,250092239,1,1
5,-1:1;1:2;1:10,obstructed,27034883999970813826440132742045410267851,799371968248409,1,1
5,-1:1;1:2;1:11,obstructed,27034885323893886909664113837499129689241,807579809,1,1
5,-1:1;1:2;1:12,obstructed,27034908823949469594373214673855470469247,554089,1,1
5,-1:1;1:2;1:13,obstructed,27034833567867730152219195698061212097373,31489,1,1
5,-1:1;1:2;1:14,obstructed,27034885716659381953921047896839024034419,749421051877,1,1
5,-1:1;1:2;1:15,obstructed,27034917153486432363400369337467436989133,41539,1,1
5,-1:1;1:2;1:16,obstructed,27035249471588897229263460051990966807911,4153,1,1
5,-1:1;1:2;1:17,obstructed,27033834565013171115803477800798944617089,401,1,1
5,-1:1;1:2;1:18,obstructed,27034850830866013844770450853454613901261,3885126587,1,1
5,-1:1;1:2;1:19,obstructed,27034908656846445106695859146710823611783,113497,1,1
5,-1:1;1:2;1:20,obstructed,27034834469106076568188741241292062327891,177124951,1,1
5,-1:1;1:2;1:21,obstructed,27037059357748103297457270265919572396381,2411,1,1
5,-1:1;1:2;1:22,survivor,27053603603250518667003044563118118876863,,,
5,-1:1;1:2;1:23,survivor,27013479818972342514662413873753276330367,,,
5,-1:1;1:2;1:24,survivor,27035581076435763178052935617515303073497,,,
5,-1:1;1:2;1:25,obstructed,27034918886950546075934892059206819255273,18076115857,1,1
5,-1:1;1:2;1:26,survivor,27034919806782206101521432186329112834731,,,
5,-1:1;1:2;1:27,obstructed,27034971530172037296691861488470856086999,401,1,1
5,-1:1;1:2;1:28,obstructed,27034912568983478572445296418228642865257,937,1,1
5,-1:1;1:2;1:29,obstructed,27034855609343127143117491766430338218643,937,2,2
5,-1:1;1:2;1:30,obstructed,27035560368819719315337758270502221472881,401,1,1
5,-1:1;1:2;1:31,obstructed,27027973414878596499656336116857460575311,25057,1,1
5,-1:1;1:2;1:32,obstructed,27094939439554674718062752075935788114481,2657259931,1,1
5,-1:1;1:2;1:33,obstructed,26711370691060800303384357162589608845449,148873,1,1
5,-1:1;1:3;1:4,obstructed,25907880944907772650653754585659702293603,6967,1,1
5,-1:1;1:3;1:5,obstructed,26664124803817246536645413052552930269081,2411,1,1
5,-1:1;1:3;1:6,obstructed,27053603603242481063625100361453234623087,13399,1,1
5,-1:1;1:3;1:7,obstructed,26732617260208061489098562709527342763973,937,1,1
5,-1:1;1:3;1:8,obstructed,26665981658947804028988636819818809079519,143513,1,1
5,-1:1;1:3;1:9,obstructed,26639820919680578080282898868499197790421,23455674497,1,1
5,-1:1;1:3;1:10,obstructed,26657600888627394953962179884731248229169,2277061,1,1
5,-1:1;1:3;1:11,obstructed,26662777625847235373572066734765384440993,195907,1,1
5,-1:1;1:3;1:12,survivor,26664616778926206942221062180126846331833,,,
5,-1:1;1:3;1:13,obstructed,26663614858994563776970781707882912256101,481997,1,1
5,-1:1;1:3;1:14,obstructed,26663159318042589358838991327398402670457,1450147,1,1
5,-1:1;1:3;1:15,obstructed,26663044476405892078800609654905543424637,47876189,1,1
5,-1:1;1:3;1:16,survivor,26664654751805088759138351522703522094803,,,
5,-1:1;1:3;1:17,obstructed,26661767536524123463113101114237910605971,1365323995615537,1,1
5,-1:1;1:3;1:18,survivor,26663219608853823919439221939184396007811,,,
5,-1:1;1:3;1:19,survivor,26663131915666743867525063285845363871587,,,
5,-1:1;1:3;1:20,survivor,26664042143896925412310130423351436148213,,,
5,-1:1;1:3;1:21,obstructed,26657627015846321778648026953281964736057,5876971,1,1
5,-1:1;1:3;1:22,obstructed,26686605719039396837717960883002262952139,169514287,1,1
5,-1:1;1:3;1:23,survivor,26660430290250866962285539133425676636261,,,
5,-1:1;1:3;1:24,survivor,26663205926598150169226765617838122963751,,,
5,-1:1;1:3;1:25,survivor,26663252568853706513784978433184229649109,,,
5,-1:1;1:3;1:26,survivor,26663177518801974682632644542509448997413,,,
5,-1:1;1:3;1:27,survivor,26663217811731185230412309936161382143799,,,
5,-1:1;1:3;1:28,obstructed,26663295622460730360380580633305892889883,192557,1,1
5,-1:1;1:3;1:29,survivor,26666030594154316804416267132553257530539,,,
5,-1:1;1:3;1:30,obstructed,26654876670264858312855591997143930721087,777199,1,1
5,-1:1;1:3;1:31,obstructed,26663200038317672113078492749992454307091,1335636267353,1,1
5,-1:1;1:3;1:32,obstructed,27056354804978079429718340460413781080291,108271,1,1
5,-1:1;1:3;1:33,survivor,26281185239407658646342649054389086347397,,,
5,-1:1;1:4;1:5,obstructed,25876215674120221857212728402565910273371,24863833,1,1
5,-1:1;1:4;1:6,survivor,26581465027808106688693763931491072509369,,,
5,-1:1;1:4;1:7,obstructed,26705501493683984943249072971680821882407,401,2,2
5,-1:1;1:4;1:8,survivor,27035984626559035744023566884898570849843,,,
5,-1:1;1:4;1:9,obstructed,26710980953008401374381592926830977287957,937,1,1
5,-1:1;1:4;1:10,obstructed,26648157255873668977475397017707625064809,93263,1,1
5,-1:1;1:4;1:11,obstructed,26635560844415325051774358155527894007859,11319757553893,1,1
5,-1:1;1:4;1:12,obstructed,26616301192521542355308020074360636876389,401,1,1
5,-1:1;1:4;1:13,obstructed,26634724395890337679269827618959885191607,14742905107601381,1,1
5,-1:1;1:4;1:14,obstructed,26639642285611308916150865645272297501357,155171,1,1
5,-1:1;1:4;1:15,survivor,26640740107258483411385818591297137790177,,,
5,-1:1;1:4;1:16,survivor,26642367822250898741078327714347327863193,,,
5,-1:1;1:4;1:17,obstructed,26639424442728136060147368453170164778449,1189651,1,1
5,-1:1;1:4;1:18,obstructed,26640863056494539098493395267782052168561,937,1,1
5,-1:1;1:4;1:19,obstructed,26640488294816454431607370004847524089001,937,1,1
5,-1:1;1:4;1:20,obstructed,26641137205571649241503038908869897088111,297881,1,1
5,-1:1;1:4;1:21,obstructed,26616208088888788406455527843626907591761,401,1,1
5,-1:1;1:4;1:22,obstructed,26664603766450262676979728655425224329091,2143,1,1
5,-1:1;1:4;1:23,obstructed,26642580297708487633763707790058145104997,4472651,1,1
5,-1:1;1:4;1:24,survivor,26634730907399560281035262564498014200237,,,
5,-1:1;1:4;1:25,obstructed,26643355390157724498687516154694416793797,4153,1,1
5,-1:1;1:4;1:26,survivor,26640217701339920220823621908798132779389,,,
5,-1:1;1:4;1:27,obstructed,26641396382184091779164733546332487956641,401,1,1
5,-1:1;1:4;1:28,obstructed,26641174657535886848352159217919371602877,79585798602377,1,1
5,-1:1;1:4;1:29,obstructed,26631922403518084978760883714873534177269,401,1,1
5,-1:1;1:4;1:30,obstructed,26632771314897322584117747702849039034541,401,1,1
5,-1:1;1:4;1:31,survivor,26710947042536830248498214858987850671553,,,
5,-1:1;1:4;1:32,obstructed,26708206933341716653791450786516202874917,219884083,1,1
5,-1:1;1:4;1:33,obstructed,26250753339001774152658379537300046363337,523188959686091,1,1
5,-1:1;1:5;1:6,obstructed,25873844444278386567900517529843279774321,4019,1,1
5,-1:1;1:5;1:7,obstructed,26570280638118817782343157045166900829069,16883,1,1
5,-1:1;1:5;1:8,obstructed,26642708247797839505251864970487270702731,1741,1,1
5,-1:1;1:5;1:9,obstructed,26709275976182260177641035940625198526413,167637727879,1,1
5,-1:1;1:5;1:10,obstructed,27034972079848076380822944601816674147179,2411,1,1
5,-1:1;1:5;1:11,obstructed,26709681151014032116273674757116160889377,401,1,1
5,-1:1;1:5;1:12,obstructed,26647495821741217799733022595535695256149,6546872303,1,1
5,-1:1;1:5;1:13,survivor,26639089797148617827824246861356106296611,,,
5,-1:1;1:5;1:14,obstructed,26633273339953674276915843553738506106507,17419,1,1
5,-1:1;1:5;1:15,survivor,26614883755615462586964383024120788327951,,,
5,-1:1;1:5;1:16,obstructed,26633344314215979291575690231081762292127,74101,1,1
5,-1:1;1:5;1:17,survivor,26636561103919522375936409647363454871661,,,
5,-1:1;1:5;1:18,obstructed,26640522827764040149738622129979529426939,10422752489,1,1
5,-1:1;1:5;1:19,obstructed,26642373210595365991608357995661692020793,398113,1,1
5,-1:1;1:5;1:20,obstructed,26639700764131181683047766121866100995657,937,1,1
5,-1:1;1:5;1:21,survivor,26633772745247011270624720062974237222671,,,
5,-1:1;1:5;1:22,obstructed,26663364974249355764314111581105926235877,528439451,1,1
5,-1:1;1:5;1:23,obstructed,26641841664815706429293667824047070816227,49268851,1,1
5,-1:1;1:5;1:24,survivor,26614688247199892155942440249038996581523,,,
5,-1:1;1:5;1:25,obstructed,26639154724939418957915923334960622338371,20903,1,1
5,-1:1;1:5;1:26,survivor,26642824867170044197996888430937982461757,,,
5,-1:1;1:5;1:27,obstructed,26639022572859895949345169210445390895387,1332763,1,1
5,-1:1;1:5;1:28,obstructed,26630428057979750788213547410785278865769,8534973204991,1,1
5,-1:1;1:5;1:29,obstructed,26630599691813682572770638707939974359167,573787,1,1
5,-1:1;1:5;1:30,obstructed,26647456726352805537926603762489425594373,937,1,1
5,-1:1;1:5;1:31,survivor,27034988084025531699581696877931535878813,,,
5,-1:1;1:5;1:32,obstructed,26645057069782684252646057426451179377027,4153,1,1
5,-1:1;1:5;1:33,obstructed,26248501660531556636410844562793498953533,401,1,1
5,-1:1;1:6;1:7,survivor,25873659613783640426683046838222665064119,,,
5,-1:1;1:6;1:8,survivor,26568707229973625503925090706198814194403,,,
5,-1:1;1:6;1:9,survivor,26637044889471770513621243784368253544991,,,
5,-1:1;1:6;1:10,obstructed,26647220175091253742164701499958425376191,156511,1,1
5,-1:1;1:6;1:11,obstructed,26709589461810235092707780452957528996579,401,1,1
5,-1:1;1:6;1:12,obstructed,27034892580261788231198799874110961055681,22241587,1,1
5,-1:1;1:6;1:13,obstructed,26709623006331504936125551961173115501009,17419,1,1
5,-1:1;1:6;1:14,survivor,26647431035725826838757538726288386901983,,,
5,-1:1;1:6;1:15,obstructed,26640170011852437635014465956347272081391,1741,1,1
5,-1:1;1:6;1:16,survivor,26638041541201608235109953198139896683103,,,
5,-1:1;1:6;1:17,obstructed,26631664611313398065643659094551153341399,477506801059,1,1
5,-1:1;1:6;1:18,survivor,26616028253279541956381422548563100852787,,,
5,-1:1;1:6;1:19,obstructed,26633352632031602284474315487418100402159,22685752873249871,1,1
5,-1:1;1:6;1:20,survivor,26632237777290865397330318825662030355363,,,
5,-1:1;1:6;1:21,obstructed,26637942817715124169822574164237069436197,3617,1,1
5,-1:1;1:6;1:22,survivor,26663198733358932106710152560592925250493,,,
5,-1:1;1:6;1:23,obstructed,26642380782199764002506906343098485005927,36521029,1,1
5,-1:1;1:6;1:24,obstructed,26635577795781108589708542897334885103729,1607,1,1
5,-1:1;1:6;1:25,obstructed,26639392377582156351935516308313809848361,937,1,1
5,-1:1;1:6;1:26,obstructed,26639758200100993110489782744315435288677,4019,1,1
5,-1:1;1:6;1:27,obstructed,26630653815967514100628378808965519890139,2411,1,1
5,-1:1;1:6;1:28,survivor,26630191312998409743519558095526412319869,,,
5,-1:1;1:6;1:29,obstructed,26639644887112422325063923300912916549513,6029,1,1
5,-1:1;1:6;1:30,obstructed,26709526164299531575331979179638325635457,937,1,1
5,-1:1;1:6;1:31,obstructed,26709569003469305763670451101439348743451,401,1,1
5,-1:1;1:6;1:32,survivor,26638343528233930587703812920282538191017,,,
5,-1:1;1:6;1:33,obstructed,26248329751157847202996105021116654423271,975335910799,1,1
5,-1:1;1:7;1:8,obstructed,25873645401596978055381746314656067030111,401,1,1
5,-1:1;1:7;1:9,obstructed,26568474538309533640179109269221002717399,2371129,1,1
5,-1:1;1:7;1:10,survivor,26634144333318132112501809312901611197527,,,
5,-1:1;1:7;1:11,obstructed,26640239457742401543233304092391342202801,377477,1,1
5,-1:1;1:7;1:12,survivor,26647398450282101226661993178992707848143,,,
5,-1:1;1:7;1:13,obstructed,26709567475509019882958272083632603213357,35911,1,1
5,-1:1;1:7;1:14,obstructed,27034910873513243053786809657709618491199,401,1,1
5,-1:1;1:7;1:15,survivor,26710981506089941562660285913207129597101,,,
5,-1:1;1:7;1:16,obstructed,26647476618169537070338499540909790973447,937,1,1
5,-1:1;1:7;1:17,obstructed,26638456967558434737281117151962078762911,1123102461769,1,1
5,-1:1;1:7;1:18,obstructed,26639872128610025048658064615188451833551,248569,1,1
5,-1:1;1:7;1:19,obstructed,26637975516535334285321160778637493543821,39541238582890111,1,1
5,-1:1;1:7;1:20,survivor,26608787887249715664997534060540154369603,,,
5,-1:1;1:7;1:21,survivor,26614623649473816858207240735119553582209,,,
5,-1:1;1:7;1:22,obstructed,26657627534647281003971098161699811897283,535061,1,1
5,-1:1;1:7;1:23,obstructed,26644037470855450992396942097039116776291,843127,1,1
5,-1:1;1:7;1:24,obstructed,26638143152277170775545334609179681162483,2143,1,1
5,-1:1;1:7;1:25,obstructed,26633030019662857346359708604040409408063,937,1,1
5,-1:1;1:7;1:26,obstructed,26630477507408318896908498341950641430829,660217,1,1
5,-1:1;1:7;1:27,obstructed,26633907894346735262279375831850698169353,528054135047096309,1,1
5,-1:1;1:7;1:28,obstructed,26640378284988526152455944491457219264673,4596377881190647,1,1
5,-1:1;1:7;1:29,obstructed,26647837896824746686723112583949085908349,2604557,1,1
5,-1:1;1:7;1:30,obstructed,27034963478520755968627600694639933133353,9827827,1,1
5,-1:1;1:7;1:31,obstructed,26647474214768554669712514099326845725469,255723579794961731,1,1
5,-1:1;1:7;1:32,obstructed,26636401362362694867393241111259198203397,401,2,2
5,-1:1;1:7;1:33,obstructed,26248275467821023560507586029810934076727,4153,1,1
5,-1:1;1:8;1:9,survivor,25873638762146865509497953247062113798783,,,
5,-1:1;1:8;1:10,obstructed,26568450480774243163185078643095765243799,1783639159,1,1
5,-1:1;1:8;1:11,obstructed,26633367725123206507876888536513909678461,719177,1,1
5,-1:1;1:8;1:12,obstructed,26641538571950790118911323481179358732407,1442509,1,1
5,-1:1;1:8;1:13,obstructed,26639881057220335209490050295052624769191,401,1,1
5,-1:1;1:8;1:14,survivor,26647415993525062451070952660875102137927,,,
5,-1:1;1:8;1:15,obstructed,26709931119485309156739598579428368108771,217585543139,1,1
5,-1:1;1:8;1:16,obstructed,27034900388570460716667556681978176191777,361548347,1,1
5,-1:1;1:8;1:17,obstructed,26711000522343295886634797602524728254777,1660413945685730783,1,1
5,-1:1;1:8;1:18,obstructed,26647454831457066790321465471720271711053,937,1,1
5,-1:1;1:8;1:19,survivor,26639391065687772921530265275418145984871,,,
5,-1:1;1:8;1:20,survivor,26633293482563078289463493839982961462889,,,
5,-1:1;1:8;1:21,obstructed,26639660288445718703792331522531196719791,131826187773027217979,1,1
5,-1:1;1:8;1:22,obstructed,26663202800319236103172346602350297570347,401,1,1
5,-1:1;1:8;1:23,survivor,26636199484712567962331663449432175502673,,,
5,-1:1;1:8;1:24,obstructed,26614441221659008668661198592593131525109,4957,1,1
5,-1:1;1:8;1:25,obstructed,26600358575167556393603719708756573100911,2143,1,1
5,-1:1;1:8;1:26,obstructed,26629374914169347513013821864539929584971,5130853031,1,1
5,-1:1;1:8;1:27,obstructed,26638846110547187654710179493687121318623,2892844985743,1,1
5,-1:1;1:8;1:28,obstructed,26640637122632840383714456916542323238697,3000929,1,1
5,-1:1;1:8;1:29,obstructed,26709608362663645500227649271039986014749,401,1,1
5,-1:1;1:8;1:30,obstructed,26709593882917583931328922077968972288881,925383490897,1,1
5,-1:1;1:8;1:31,obstructed,26640298340853014765750198401460054128597,8623033,1,1
5,-1:1;1:8;1:32,survivor,26637572484669445426898955777932425784573,,,
5,-1:1;1:8;1:33,survivor,26248862100346872172358063372901684435317,,,
5,-1:1;1:9;1:10,survivor,25873691894425700247487769295037559003701,,,
5,-1:1;1:9;1:11,obstructed,26568449610801326919092674254908257752859,1131763,1,1
5,-1:1;1:9;1:12,obstructed,26633152785893375802924661521404708145647,102643,1,1
5,-1:1;1:9;1:13,obstructed,26639293057170213495426368056081399609123,10853,1,1
5,-1:1;1:9;1:14,survivor,26639921549123435580651948964513117525417,,,
5,-1:1;1:9;1:15,obstructed,26639801776596229717999233302331410807413,22109,1,1
5,-1:1;1:9;1:16,obstructed,26648264615885011086512071277070144319799,4421,1,1
5,-1:1;1:9;1:17,survivor,26708260356587568543894416843870703423317,,,
5,-1:1;1:9;1:18,obstructed,27034901804142735072421154270021628745289,2411,1,1
5,-1:1;1:9;1:19,obstructed,26705501495314614481574967640459075754981,27067,1,1
5,-1:1;1:9;1:20,survivor,26649608783428667548591358549334976181267,,,
5,-1:1;1:9;1:21,obstructed,26639888195135690218579898872041788066009,109134199817,1,1
5,-1:1;1:9;1:22,obstructed,26663193699386444852633967269110471867511,106261,1,1
5,-1:1;1:9;1:23,survivor,26641747910970976049751237162134484178931,,,
5,-1:1;1:9;1:24,obstructed,26630268957521567687869025640711651885533,13308343,1,1
5,-1:1;1:9;1:25,survivor,26623661491932534526988525635564473224371,,,
5,-1:1;1:9;1:26,obstructed,26632156166254717033462494084566362826321,78121,1,1
5,-1:1;1:9;1:27,obstructed,26614889128489642150562901991468204680067,2411,1,1
5,-1:1;1:9;1:28,obstructed,26642624655496541352093956516483370383071,401,1,1
5,-1:1;1:9;1:29,survivor,27034258752143493008492503846672312575347,,,
5,-1:1;1:9;1:30,obstructed,26647839530024072556801929918978994577637,401,1,1
5,-1:1;1:9;1:31,obstructed,26640843663740160354599869527327487265851,1607,1,1
5,-1:1;1:9;1:32,obstructed,26636401240612495954735502688438037753249,1369400351957213,1,1
5,-1:1;1:9;1:33,survivor,26248418255615066495369829010494244474187,,,
5,-1:1;1:10;1:11,obstructed,25873627279358608870616488121459710507033,6029,1,1
5,-1:1;1:10;1:12,obstructed,26568244923751867015146977941269535550407,24923,1,1
5,-1:1;1:10;1:13,survivor,26633116279334546007108663261827391645509,,,
5,-1:1;1:10;1:14,obstructed,26639024321362085224142065460873098303201,262103,1,1
5,-1:1;1:10;1:15,obstructed,26642051749362742933221034245902450835443,4019,1,1
5,-1:1;1:10;1:16,obstructed,26639986314405419319570191338159861527593,937,1,1
5,-1:1;1:10;1:17,survivor,26638235248830695777805640413527547704417,,,
5,-1:1;1:10;1:18,survivor,26648234572223614289917988794813646304133,,,
5,-1:1;1:10;1:19,obstructed,26686608342213004992469008232968000435911,3617,1,1
5,-1:1;1:10;1:20,survivor,27034834493160404764185960497441649155737,,,
5,-1:1;1:10;1:21,obstructed,26709628283904672354863394809260452894487,3039800169929,1,1
5,-1:1;1:10;1:22,obstructed,26671533936845974934476039678785949849873,1741,1,1
5,-1:1;1:10;1:23,obstructed,26634247395133689605482654173600908969801,19192938769819691,1,1
5,-1:1;1:10;1:24,survivor,26630497533829242241561319139745973528297,,,
5,-1:1;1:10;1:25,obstructed,26637985483565778324960762024463418538277,937,1,1
5,-1:1;1:10;1:26,obstructed,26633653811717409546466893473632360791761,23010613,1,1
5,-1:1;1:10;1:27,obstructed,26641302211617802947445438382272394060791,63113,1,1
5,-1:1;1:10;1:28,survivor,26709194271978654099813543435328232384009,,,
5,-1:1;1:10;1:29,survivor,26706868552397978805952573432832906267473,,,
5,-1:1;1:10;1:30,obstructed,26615605852397886191217656014744473086749,1607,1,1
5,-1:1;1:10;1:31,obstructed,26634704809709377505609410270958656778591,74771,1,1
5,-1:1;1:10;1:32,obstructed,26634987527789247571809278828691681747071,1623163205315347,1,1
5,-1:1;1:10;1:33,obstructed,26248176853627905413826854406317142956981,27105695941,1,1
5,-1:1;1:11;1:12,survivor,25873442448384538975406976140773190215049,,,
5,-1:1;1:11;1:13,survivor,26568418350881471177855919345588106732813,,,
5,-1:1;1:11;1:14,obstructed,26634711098883244581830509353648555026701,804871485793951,1,1
5,-1:1;1:11;1:15,obstructed,26641511068217878057338126031761905757031,90114766194521,1,1
5,-1:1;1:11;1:16,survivor,26639919112891901903855882806078489805027,,,
5,-1:1;1:11;1:17,obstructed,26641283271230533464889974775094226531977,1477648819,1,1
5,-1:1;1:11;1:18,obstructed,26638330617385490975148290611382049106499,1607,1,1
5,-1:1;1:11;1:19,survivor,26634134970946657167520547197563850574243,,,
5,-1:1;1:11;1:20,survivor,26647571504723225256514857632713923649733,,,
5,-1:1;1:11;1:21,obstructed,26709549893300118815335125375455820537527,1932474433,1,1
5,-1:1;1:11;1:22,obstructed,27051203884797736352431072337918662117201,35763537037574657,1,1
5,-1:1;1:11;1:23,obstructed,26705520857734344232010523063053123824127,1741,1,1
5,-1:1;1:11;1:24,obstructed,26647786674430228379707546203317848927667,1741,1,1
5,-1:1;1:11;1:25,obstructed,26639814668093837755063258598508631846273,1116041350102673,1,1
5,-1:1;1:11;1:26,obstructed,26614866763939515049362145923219437883299,668950913,1,1
5,-1:1;1:11;1:27,survivor,26647499518644897896745134688517645498841,,,
5,-1:1;1:11;1:28,survivor,27034908864498181484786507321244488245193,,,
5,-1:1;1:11;1:29,survivor,26647546325961123544837083532880271891659,,,
5,-1:1;1:11;1:30,obstructed,26639810604105992979637314241324920360197,937,1,1
5,-1:1;1:11;1:31,obstructed,26638395500566658784431682368429416274489,2953312272192949763,1,1
5,-1:1;1:11;1:32,survivor,26629325188772740747347050652590734890127,,,
5,-1:1;1:11;1:33,survivor,26218628033348021738855789783923890294863,,,
5,-1:1;1:12;1:13,obstructed,25873677093105133923955433872462631636219,2411,1,1
5,-1:1;1:12;1:14,obstructed,26569771959138718800446299578194959491197,28453693,1,1
5,-1:1;1:12;1:15,obstructed,26634214801747501517488388103712427352799,2648509,1,1
5,-1:1;1:12;1:16,obstructed,26639351797030646588447138152624910695333,3282279079,1,1
5,-1:1;1:12;1:17,obstructed,26637646556134045479710776891729203345859,337621650930052061,1,1
5,-1:1;1:12;1:18,obstructed,26636615980938311060431013420059005791683,6029,1,1
5,-1:1;1:12;1:19,survivor,26639756854885156632470309024891765491981,,,
5,-1:1;1:12;1:20,obstructed,26639752901970560188239787243591350987587,1156496513,1,1
5,-1:1;1:12;1:21,obstructed,26631365878466426234286067920961951964849,119988289,1,1
5,-1:1;1:12;1:22,obstructed,26663229879450672911752256706427001393309,13399,1,1
5,-1:1;1:12;1:23,obstructed,26712358360471376945083797273012879947881,11657,1,1
5,-1:1;1:12;1:24,survivor,27034906594229682647343681265689706308491,,,
5,-1:1;1:12;1:25,obstructed,26709600089336942317529802231050446374379,2251140460861111,1,1
5,-1:1;1:12;1:26,obstructed,26642624660499644418865641428243511762781,28360831,1,1
5,-1:1;1:12;1:27,survivor,26709687292194184029807875941333711229531,,,
5,-1:1;1:12;1:28,survivor,26709579090930788623546100974022596184069,,,
5,-1:1;1:12;1:29,obstructed,26638931099565688985607419663680133008433,20233,1,1
5,-1:1;1:12;1:30,obstructed,26634161418122501219678988289525026211799,12698911,1,1
5,-1:1;1:12;1:31,obstructed,26614921351965678527893362660531538741811,5631751,1,1
5,-1:1;1:12;1:32,obstructed,26630170934794731330122850748060979286503,1439293,1,1
5,-1:1;1:12;1:33,obstructed,26247244367979616144085810444348517953951,887884799443,1,1
5,-1:1;1:13;1:14,obstructed,25877916699511760888881831136062568971573,2466175985332133,1,1
5,-1:1;1:13;1:15,survivor,26570119888839319635631165320426751975697,,,
5,-1:1;1:13;1:16,obstructed,26633524662342642745043516553157912522009,33767,1,1
5,-1:1;1:13;1:17,obstructed,26636990600101620616862503576272382094947,4019,1,1
5,-1:1;1:13;1:18,obstructed,26614719970085066629601092044723794966171,2143,1,1
5,-1:1;1:13;1:19,survivor,26639568394040417833138800709917263443841,,,
5,-1:1;1:13;1:20,obstructed,26632788525916172873656367137222424352667,401,1,1
5,-1:1;1:13;1:21,obstructed,26630461054478840458286876839292487009631,145663493,1,1
5,-1:1;1:13;1:22,obstructed,26663145743354300657236276566813473472473,56756982885397481,1,1
5,-1:1;1:13;1:23,obstructed,26642729866234835042235456192681867195421,74101,1,1
5,-1:1;1:13;1:24,obstructed,26647486919404747743388339265425731809131,937,1,1
5,-1:1;1:13;1:25,survivor,26709593906072762435097323705010698276891,,,
5,-1:1;1:13;1:26,survivor,27041847502715641088661793812983161691543,,,
5,-1:1;1:13;1:27,obstructed,27095032879060183547719149728438549756639,40781629277,1,1
5,-1:1;1:13;1:28,survivor,26631815579359376818534291362361217342419,,,
5,-1:1;1:13;1:29,survivor,26634146954435493816293914040463137639309,,,
5,-1:1;1:13;1:30,obstructed,26638633220463143490014478298560929134903,1114791690415951043,1,1
5,-1:1;1:13;1:31,obstructed,26641816471926033939941347400415396738221,178889,1,1
5,-1:1;1:13;1:32,obstructed,26635906540128512692869673732153974886171,18423659,1,1
5,-1:1;1:13;1:33,survivor,26248339348816213450159977218946496210177,,,
5,-1:1;1:14;1:15,obstructed,25873648355876076261152707017739160677231,206654531,1,1
5,-1:1;1:14;1:16,obstructed,26568376937064568142850048467958345204347,401,1,1
5,-1:1;1:14;1:17,survivor,26630808627143604646563245068528724516363,,,
5,-1:1;1:14;1:18,obstructed,26632591210921213902341199451281643914929,1308911,1,1
5,-1:1;1:14;1:19,survivor,26630376057297599129503854051672597811841,,,
5,-1:1;1:14;1:20,obstructed,26630991245986841384767466122614335680799,401,1,1
5,-1:1;1:14;1:21,obstructed,26641806005541960647706435829400991594271,899273,1,1
5,-1:1;1:14;1:22,survivor,26663255052618780735092558554877572984817,,,
5,-1:1;1:14;1:23,obstructed,26641091739551294984360796759468475566883,1607,1,1
5,-1:1;1:14;1:24,survivor,26633101340716366119810321663905164967161,,,
5,-1:1;1:14;1:25,obstructed,26616445878692696203712908539047487525301,137674104540747193,1,1
5,-1:1;1:14;1:26,obstructed,26712335877737924654802769894978286286197,518311,1,1
5,-1:1;1:14;1:27,obstructed,26755315961840297814093483835105248922403,258420781529,1,1
5,-1:1;1:14;1:28,survivor,27035581076201426584177566402513943002263,,,
5,-1:1;1:14;1:29,obstructed,26709601658971043283810668711691990457421,2411,1,1
5,-1:1;1:14;1:30,survivor,26648986723213858858624549228641607714861,,,
5,-1:1;1:14;1:31,survivor,26639853416733692984411929874487997186159,,,
5,-1:1;1:14;1:32,obstructed,26636931823594124855278690494038674111751,401,3,3
5,-1:1;1:14;1:33,obstructed,26248330908608254990374241964999695361353,15661244595109,1,1
5,-1:1;1:15;1:16,survivor,25873595016426362771534548167339269840389,,,
5,-1:1;1:15;1:17,survivor,26561025490298907075342380527474696876973,,,
5,-1:1;1:15;1:18,obstructed,26623744965793220887293249420090386059247,4019,1,1
5,-1:1;1:15;1:19,survivor,26629836518471027266485741159192263820731,,,
5,-1:1;1:15;1:20,obstructed,26637992423858871653747054399991630635197,8039,1,1
5,-1:1;1:15;1:21,obstructed,26633320281082430887509512484195782566859,401,1,1
5,-1:1;1:15;1:22,obstructed,26639825153916417009258092158307999341969,3617,1,1
5,-1:1;1:15;1:23,survivor,26637045735273243537019220849746425256159,,,
5,-1:1;1:15;1:24,survivor,26638068442860385016286171946670481489577,,,
5,-1:1;1:15;1:25,survivor,26647412031444808823199427884974091155059,,,
5,-1:1;1:15;1:26,obstructed,27034968367610774787848411088152260789727,2143,1,1
5,-1:1;1:15;1:27,survivor,26642708190064842678412676349893814560401,,,
5,-1:1;1:15;1:28,obstructed,26646739829911000944508195149426008528461,18223,1,1
5,-1:1;1:15;1:29,obstructed,26709598866521688478849439310790338392431,124879691,1,1
5,-1:1;1:15;1:30,obstructed,27035225250297047241138469332232261480877,88037,1,1
5,-1:1;1:15;1:31,survivor,26709593948444046810262297210041928365319,,,
5,-1:1;1:15;1:32,survivor,26645395670904127574387810559481627194007,,,
5,-1:1;1:15;1:33,survivor,26249416390618161976781197414367807969971,,,
5,-1:1;1:16;1:17,survivor,25839445246587568797822070552240080880127,,,
5,-1:1;1:16;1:18,survivor,26554021222749389892696166386227958648191,,,
5,-1:1;1:16;1:19,obstructed,26608762223054097668041759240793109378709,1373543683,1,1
5,-1:1;1:16;1:20,obstructed,26632731259979321271232602362039791717619,6029,1,1
5,-1:1;1:16;1:21,survivor,26638496082993546576225415382836418451199,,,
5,-1:1;1:16;1:22,obstructed,26663074181049393656927291977411686547319,210590161981,1,1
5,-1:1;1:16;1:23,obstructed,26642056971652816660471261568645403744703,401,1,1
5,-1:1;1:16;1:24,obstructed,26642763084930689576939094976647148777453,5958930553,1,1
5,-1:1;1:16;1:25,obstructed,26709657448494989730234641609474868504053,401,1,1
5,-1:1;1:16;1:26,obstructed,26709578543980541020570203393606125254687,179693,1,1
5,-1:1;1:16;1:27,obstructed,26639032946594600452179130045725430931903,401,1,1
5,-1:1;1:16;1:28,obstructed,26633224785928274313756456846697209661177,134401,1,1
5,-1:1;1:16;1:29,obstructed,26639766018296536702071444723149236957513,207273999259,1,1
5,-1:1;1:16;1:30,survivor,26647467180064884669234520039790531118163,,,
5,-1:1;1:16;1:31,obstructed,26709639848663611600515300300950308853683,819903290581,1,1
5,-1:1;1:16;1:32,obstructed,27032759909830822466264049672304967263057,1741,1,1
5,-1:1;1:16;1:33,obstructed,26329344391251731163144908967728979787783,97283,1,1
5,-1:1;1:17;1:18,obstructed,25871071425675413435517420392470495655761,300291006635551157,1,1
5,-1:1;1:17;1:19,obstructed,26566786894193062971206964225020263504019,25113457507,1,1
5,-1:1;1:17;1:20,obstructed,26631681403486249687973356795583403764009,21526429,1,1
5,-1:1;1:17;1:21,obstructed,26638537836991236595748621433319127825023,46461992617459,1,1
5,-1:1;1:17;1:22,survivor,26661691512843138774758151970852990236191,,,
5,-1:1;1:17;1:23,survivor,26640497538778932675973528580473462291457,,,
5,-1:1;1:17;1:24,obstructed,26646020254457034736178890337186569648663,25170119407,1,1
5,-1:1;1:17;1:25,obstructed,27034187737968511724164607707895062643473,4153,1,1
5,-1:1;1:17;1:26,obstructed,26646859633917490618643512938411383710091,5578553,1,1
5,-1:1;1:17;1:27,survivor,26637501100355466718147474903921021069969,,,
5,-1:1;1:17;1:28,obstructed,26613090694441221020300814394010576555333,7357141091,1,1
5,-1:1;1:17;1:29,survivor,26637858068652309661882692144767375360011,,,
5,-1:1;1:17;1:30,obstructed,26638361902375191081192096783489876204049,10853,1,1
5,-1:1;1:17;1:31,survivor,26646846918384061044851404903992756959749,,,
5,-1:1;1:17;1:32,survivor,26713687086760511991495406437666337179431,,,
5,-1:1;1:17;1:33,obstructed,26708655577023777716544114539614068381391,164724561983,1,1
5,-1:1;1:18;1:19,survivor,25873644172836975460561538326333796418679,,,
5,-1:1;1:18;1:20,obstructed,26568467006596501528107535252904287372421,401,1,1
5,-1:1;1:18;1:21,survivor,26633664419165351750987985520481699177747,,,
5,-1:1;1:18;1:22,obstructed,26662762724301699256761607365753390564679,3041933,1,1
5,-1:1;1:18;1:23,obstructed,26642638223084205888141406641605408758747,1948091,1,1
5,-1:1;1:18;1:24,survivor,26709598891350150654370777119278676938707,,,
5,-1:1;1:18;1:25,survivor,26709600138544253998274206210707963369209,,,
5,-1:1;1:18;1:26,obstructed,26639880651612230739960356583023585439383,2411,1,1
5,-1:1;1:18;1:27,obstructed,26641992493969832569499980701435022515953,26025677917,1,1
5,-1:1;1:18;1:28,survivor,26634214689343373642893749103361976720511,,,
5,-1:1;1:18;1:29,obstructed,26648144825526205775048418505974762268459,7862978116926461,1,1
5,-1:1;1:18;1:30,survivor,26709606166245671380792185546721097667791,,,
5,-1:1;1:18;1:31,obstructed,27034898088589153509679076957363445281551,1607,1,1
5,-1:1;1:18;1:32,obstructed,26706849208599725457652671013948216092059,2143,1,1
5,-1:1;1:18;1:33,obstructed,26258488173609487594671605490450219384667,4421,1,1
5,-1:1;1:19;1:20,survivor,25873659701158663264655663538700368585137,,,
5,-1:1;1:19;1:21,survivor,26568565548431822904042097275709460168459,,,
5,-1:1;1:19;1:22,obstructed,26657602699824475815730682024328265156507,4153,1,1
5,-1:1;1:19;1:23,survivor,26649947572741391202114294908781935823097,,,
5,-1:1;1:19;1:24,obstructed,27034885458158122400704208439898774170857,1741,1,1
5,-1:1;1:19;1:25,obstructed,26647567863008335816624048820635058637949,401,1,1
5,-1:1;1:19;1:26,survivor,26639704182381202723439839104541390554617,,,
5,-1:1;1:19;1:27,survivor,26647582681211654277374312301620862050441,,,
5,-1:1;1:19;1:28,obstructed,26709520043700137271951199218049577961341,86161,1,1
5,-1:1;1:19;1:29,survivor,27030366488395441004957930589348122796979,,,
5,-1:1;1:19;1:30,survivor,26709607475327824176708661446752886841001,,,
5,-1:1;1:19;1:31,obstructed,26647526762870730010856971425330081196573,31489,1,1
5,-1:1;1:19;1:32,obstructed,26639814382163453448388871738415511863233,10987,1,1
5,-1:1;1:19;1:33,survivor,26248426403250733539966679884417907224581,,,
5,-1:1;1:20;1:21,survivor,25873691875382474376097534876388960110211,,,
5,-1:1;1:20;1:22,obstructed,26593952321700656238387818524875060920059,401,1,1
5,-1:1;1:20;1:23,obstructed,26706868553791219396764549518175893478577,1351958963,1,1
5,-1:1;1:20;1:24,obstructed,26710013083594747682473843149241747895719,92459,1,1
5,-1:1;1:20;1:25,obstructed,26648234669085754534295256792236068698311,6967,1,1
5,-1:1;1:20;1:26,obstructed,26709607889942678851393034218595576480489,1850566799,1,1
5,-1:1;1:20;1:27,survivor,27034934881868997598784219549076144090001,,,
5,-1:1;1:20;1:28,survivor,26709579108458251916538921031626617122663,,,
5,-1:1;1:20;1:29,obstructed,26623489670451468764024442383535282827423,1607,1,1
5,-1:1;1:20;1:30,survivor,26642693433965500652179308858192811514693,,,
5,-1:1;1:20;1:31,obstructed,26639993496069938993336777781381810402493,42804387551,1,1
5,-1:1;1:20;1:32,obstructed,26636104918168472589293214327469462976209,946581230689,1,1
5,-1:1;1:20;1:33,obstructed,26248189310762922231105895701680600739673,19593881,1,1
5,-1:1;1:21;1:22,survivor,25907880944907773281565097644445161860639,,,
5,-1:1;1:21;1:23,obstructed,26975039470135618392661447693917950516353,110951,1,1
5,-1:1;1:21;1:24,survivor,26712335877738041730742551688256908851367,,,
5,-1:1;1:21;1:25,survivor,27034569640416874538841848196382323094691,,,
5,-1:1;1:21;1:26,obstructed,26709599291792749387698754564826731942081,4957,1,1
5,-1:1;1:21;1:27,obstructed,26647537285226995562897148064909379332711,2497357,1,1
5,-1:1;1:21;1:28,obstructed,26640268547839729961769867072224071661359,937,1,1
5,-1:1;1:21;1:29,obstructed,26633209539155374053702036654910970747471,113497,1,1
5,-1:1;1:21;1:30,survivor,26638258812303376232847651081232828777253,,,
5,-1:1;1:21;1:31,survivor,26640594666167555480407818228779361728123,,,
5,-1:1;1:21;1:32,obstructed,26636869050892242835659692407633427083957,2411,1,1
5,-1:1;1:21;1:33,obstructed,26248369619587078852926501143645013747059,509486759,1,1
5,-1:1;1:22;1:23,obstructed,26354767503638646664227706761232825271689,401,2,2
5,-1:1;1:22;1:24,obstructed,26663961264026934303274299578641141122311,5923295531,1,1
5,-1:1;1:22;1:25,survivor,26665981614848885412393606360705128162839,,,
5,-1:1;1:22;1:26,survivor,26663631426930750579510395259164246618221,,,
5,-1:1;1:22;1:27,survivor,26663341716304213600880931884847550405489,,,
5,-1:1;1:22;1:28,survivor,26664638946370112280451876447326748612883,,,
5,-1:1;1:22;1:29,obstructed,26662367275114084392964075511807677700171,11407687,1,1
5,-1:1;1:22;1:30,survivor,26660430219950931397008008237748836733677,,,
5,-1:1;1:22;1:31,survivor,26663168683041379940610586234622625194011,,,
5,-1:1;1:22;1:32,survivor,26660378000788953304823610668383305043697,,,
5,-1:1;1:22;1:33,obstructed,26275330312458800252384865356396426482961,724403,1,1
5,-1:1;1:23;1:24,obstructed,25877916699511860669395135180550477419267,2411,1,1
5,-1:1;1:23;1:25,obstructed,26573000822869853456266370116051405235663,1420399,1,1
5,-1:1;1:23;1:26,obstructed,26636619729067208899175826096367675914139,170179,1,1
5,-1:1;1:23;1:27,survivor,26641666807706681947340834391318340539343,,,
5,-1:1;1:23;1:28,obstructed,26642269867399571120245743236783879745293,43013,1,1
5,-1:1;1:23;1:29,survivor,26642686688549054836093830887326853797103,,,
5,-1:1;1:23;1:30,obstructed,26617841571990649951222133898180421757719,72051978272929,1,1
5,-1:1;1:23;1:31,obstructed,26641845870653516256385304914368200470643,2411,1,1
5,-1:1;1:23;1:32,survivor,26639812705297524048196376421181357847609,,,
5,-1:1;1:23;1:33,obstructed,26252165368839097347871197522758666714867,937,1,1
5,-1:1;1:24;1:25,survivor,25873648142645392001505383579756261354759,,,
5,-1:1;1:24;1:26,survivor,26568454555040060993653822962878285190637,,,
5,-1:1;1:24;1:27,survivor,26633447888087140941534442006472801651759,,,
5,-1:1;1:24;1:28,obstructed,26639178643005374936729691976319362483069,189743,1,1
5,-1:1;1:24;1:29,survivor,26641206174795540293098711597801366632613,,,
5,-1:1;1:24;1:30,survivor,26633788852201904408790353418308643027667,,,
5,-1:1;1:24;1:31,obstructed,26641120386786861967937296241872420772543,401,1,1
5,-1:1;1:24;1:32,survivor,26636162882840436757175638833932508264181,,,
5,-1:1;1:24;1:33,obstructed,26248323434576677857440885539812101322791,7369,1,1
5,-1:1;1:25;1:26,survivor,25873642727014472990774697054705861176441,,,
5,-1:1;1:25;1:27,obstructed,26568995165253688314191435789593239332249,73216259,1,1
5,-1:1;1:25;1:28,obstructed,26636202467937005707637115512928242554961,592681,1,1
5,-1:1;1:25;1:29,obstructed,26639330983273934984749493341091657835779,401,1,1
5,-1:1;1:25;1:30,survivor,26638928309733169083758815868982891159881,,,
5,-1:1;1:25;1:31,survivor,26633281549205820550955536432600192588627,,,
5,-1:1;1:25;1:32,obstructed,26636442343582364085450577382137678549177,20504411,1,1
5,-1:1;1:25;1:33,obstructed,26250257156555098356546237617023842575491,401,1,1
5,-1:1;1:26;1:27,obstructed,25876215674123485098355742341123647869263,21312833,1,1
5,-1:1;1:26;1:28,obstructed,26571649095876271710174843028133909710111,401,1,1
5,-1:1;1:26;1:29,obstructed,26633783243617250569347261416644436249587,207833,1,1
5,-1:1;1:26;1:30,obstructed,26639834554930551054811316201695828280659,479317,1,1
5,-1:1;1:26;1:31,survivor,26615112205903370636470204019072912820289,,,
5,-1:1;1:26;1:32,obstructed,26635854986073289000942519123200127289837,1607,1,1
5,-1:1;1:26;1:33,obstructed,26248332061400033908281427260237805795439,15842551,1,1
5,-1:1;1:27;1:28,survivor,25873844445967043176276081355280835407953,,,
5,-1:1;1:27;1:29,obstructed,26568551954705568645625599359465146382693,42991621,1,1
5,-1:1;1:27;1:30,obstructed,26633219436895512630796264253572378218727,2411,1,1
5,-1:1;1:27;1:31,obstructed,26632845386369815376850295129551475646279,401,1,1
5,-1:1;1:27;1:32,obstructed,26635119886866509813672086474044428916181,1741,1,1
5,-1:1;1:27;1:33,obstructed,26248425367215322190886157865254027136269,38189,1,1
5,-1:1;1:28;1:29,survivor,25873677105837355533428659419621424334509,,,
5,-1:1;1:28;1:30,obstructed,26568449040964302274620434165435367857219,29881,1,1
5,-1:1;1:28;1:31,obstructed,26632223114700246838689084614663966953741,177112816423,1,1
5,-1:1;1:28;1:32,obstructed,26629755090511645873306757099285173714321,2411,1,1
5,-1:1;1:28;1:33,obstructed,26248277217675161717825332791205316765629,336657959219,1,1
5,-1:1;1:29;1:30,obstructed,25873643709961019246125790928005262329051,2666128384543384699,1,1
5,-1:1;1:29;1:31,obstructed,26568230117029620178258717266923209708457,937,1,1
5,-1:1;1:29;1:32,survivor,26605962106005409465342545143332715348711,,,
5,-1:1;1:29;1:33,obstructed,26247734320890094832037969384185822152273,1079101,1,1
5,-1:1;1:30;1:31,obstructed,25873609802479732736166990979637610796111,937,2,2
5,-1:1;1:30;1:32,survivor,26559604288979091393326189346991082843399,,,
5,-1:1;1:30;1:33,obstructed,26241312445092620533558660411418904859783,18625833169,1,1
5,-1:1;1:31;1:32,obstructed,25869370766661497678484287941820491695623,163211,1,1
5,-1:1;1:31;1:33,obstructed,26167401435710662938927377848542453955663,937,1,1
5,-1:1;1:32;1:33,obstructed,25400555202893098450392459530813899090549,30805393,1,1
